id,center_x,center_y,radius,text_pixels,fill_ratio,edge_support,crop_path
0,542,562,11,71,0.4946,0.9694,output/circles_output_pnid_v2\pnid_cropped_upscaled\crops\circle_0.png
1,313,280,11,54,0.4683,0.9694,output/circles_output_pnid_v2\pnid_cropped_upscaled\crops\circle_1.png
2,1180,799,11,61,0.4051,0.8102,output/circles_output_pnid_v2\pnid_cropped_upscaled\crops\circle_2.png
3,1008,881,11,47,0.3236,0.6511,output/circles_output_pnid_v2\pnid_cropped_upscaled\crops\circle_3.png
4,719,646,11,20,0.1763,0.5932,output/circles_output_pnid_v2\pnid_cropped_upscaled\crops\circle_4.png
5,1042,752,11,59,0.2894,0.6077,output/circles_output_pnid_v2\pnid_cropped_upscaled\crops\circle_5.png
6,747,39,11,62,0.3841,0.6366,output/circles_output_pnid_v2\pnid_cropped_upscaled\crops\circle_6.png
7,542,674,12,81,0.4465,0.7029,output/circles_output_pnid_v2\pnid_cropped_upscaled\crops\circle_7.png
8,974,807,12,64,0.4819,1.1273,output/circles_output_pnid_v2\pnid_cropped_upscaled\crops\circle_8.png
9,1295,410,13,92,0.4445,0.7346,output/circles_output_pnid_v2\pnid_cropped_upscaled\crops\circle_9.png
10,681,557,13,52,0.3729,0.7468,output/circles_output_pnid_v2\pnid_cropped_upscaled\crops\circle_10.png
11,1382,619,14,112,0.4515,0.7389,output/circles_output_pnid_v2\pnid_cropped_upscaled\crops\circle_11.png
12,1013,752,14,66,0.2095,0.557,output/circles_output_pnid_v2\pnid_cropped_upscaled\crops\circle_12.png
13,1200,615,15,144,0.4711,0.6154,output/circles_output_pnid_v2\pnid_cropped_upscaled\crops\circle_13.png
14,890,760,16,56,0.3345,0.9151,output/circles_output_pnid_v2\pnid_cropped_upscaled\crops\circle_14.png
15,649,634,16,20,0.1405,0.4775,output/circles_output_pnid_v2\pnid_cropped_upscaled\crops\circle_15.png
16,791,359,16,71,0.1815,0.6366,output/circles_output_pnid_v2\pnid_cropped_upscaled\crops\circle_16.png
17,1031,896,16,44,0.2176,0.5173,output/circles_output_pnid_v2\pnid_cropped_upscaled\crops\circle_17.png
18,764,434,18,171,0.4205,0.7781,output/circles_output_pnid_v2\pnid_cropped_upscaled\crops\circle_18.png
19,237,247,18,108,0.3242,0.7604,output/circles_output_pnid_v2\pnid_cropped_upscaled\crops\circle_19.png
20,944,317,18,25,0.1808,0.5836,output/circles_output_pnid_v2\pnid_cropped_upscaled\crops\circle_20.png
21,1313,942,19,175,0.4664,0.8963,output/circles_output_pnid_v2\pnid_cropped_upscaled\crops\circle_21.png
22,752,316,19,55,0.3606,0.913,output/circles_output_pnid_v2\pnid_cropped_upscaled\crops\circle_22.png
23,1215,962,19,56,0.2927,0.7874,output/circles_output_pnid_v2\pnid_cropped_upscaled\crops\circle_23.png
24,906,952,19,131,0.44,0.8377,output/circles_output_pnid_v2\pnid_cropped_upscaled\crops\circle_24.png
25,913,821,19,44,0.2319,0.6534,output/circles_output_pnid_v2\pnid_cropped_upscaled\crops\circle_25.png
26,1169,875,19,165,0.5423,0.7539,output/circles_output_pnid_v2\pnid_cropped_upscaled\crops\circle_26.png
27,235,197,19,101,0.2654,0.578,output/circles_output_pnid_v2\pnid_cropped_upscaled\crops\circle_27.png
28,1509,996,19,52,0.1199,0.3351,output/circles_output_pnid_v2\pnid_cropped_upscaled\crops\circle_28.png
29,1005,1037,20,277,0.5157,0.9072,output/circles_output_pnid_v2\pnid_cropped_upscaled\crops\circle_29.png
30,665,122,20,101,0.2698,0.7958,output/circles_output_pnid_v2\pnid_cropped_upscaled\crops\circle_30.png
31,1217,1120,20,247,0.4472,0.5968,output/circles_output_pnid_v2\pnid_cropped_upscaled\crops\circle_31.png
32,1331,959,20,20,0.1647,0.5889,output/circles_output_pnid_v2\pnid_cropped_upscaled\crops\circle_32.png
33,1057,883,20,87,0.2117,0.573,output/circles_output_pnid_v2\pnid_cropped_upscaled\crops\circle_33.png
34,1542,938,20,119,0.2324,0.4615,output/circles_output_pnid_v2\pnid_cropped_upscaled\crops\circle_34.png
35,95,234,21,321,0.5399,0.8261,output/circles_output_pnid_v2\pnid_cropped_upscaled\crops\circle_35.png
36,1350,608,21,226,0.4352,0.8261,output/circles_output_pnid_v2\pnid_cropped_upscaled\crops\circle_36.png
37,903,993,21,176,0.4576,0.6973,output/circles_output_pnid_v2\pnid_cropped_upscaled\crops\circle_37.png
38,895,469,21,126,0.3421,0.7503,output/circles_output_pnid_v2\pnid_cropped_upscaled\crops\circle_38.png
39,1552,962,21,99,0.3154,0.6897,output/circles_output_pnid_v2\pnid_cropped_upscaled\crops\circle_39.png
40,310,242,21,23,0.1797,0.6821,output/circles_output_pnid_v2\pnid_cropped_upscaled\crops\circle_40.png
41,793,663,22,359,0.4295,1.0924,output/circles_output_pnid_v2\pnid_cropped_upscaled\crops\circle_41.png
42,164,211,22,267,0.5117,0.9405,output/circles_output_pnid_v2\pnid_cropped_upscaled\crops\circle_42.png
43,770,655,22,253,0.39,0.6222,output/circles_output_pnid_v2\pnid_cropped_upscaled\crops\circle_43.png
44,145,236,22,246,0.3453,0.5932,output/circles_output_pnid_v2\pnid_cropped_upscaled\crops\circle_44.png
45,806,392,22,157,0.2959,0.7307,output/circles_output_pnid_v2\pnid_cropped_upscaled\crops\circle_45.png
46,576,241,22,78,0.1841,0.4992,output/circles_output_pnid_v2\pnid_cropped_upscaled\crops\circle_46.png
47,1534,1000,22,73,0.1881,0.4558,output/circles_output_pnid_v2\pnid_cropped_upscaled\crops\circle_47.png
48,709,749,22,124,0.221,0.5643,output/circles_output_pnid_v2\pnid_cropped_upscaled\crops\circle_48.png
49,596,505,22,72,0.2012,0.4268,output/circles_output_pnid_v2\pnid_cropped_upscaled\crops\circle_49.png
50,1221,904,22,96,0.219,0.4051,output/circles_output_pnid_v2\pnid_cropped_upscaled\crops\circle_50.png
51,231,162,22,28,0.1282,0.4847,output/circles_output_pnid_v2\pnid_cropped_upscaled\crops\circle_51.png
52,724,237,23,137,0.296,0.6435,output/circles_output_pnid_v2\pnid_cropped_upscaled\crops\circle_52.png
53,702,434,23,30,0.216,0.6643,output/circles_output_pnid_v2\pnid_cropped_upscaled\crops\circle_53.png
54,994,902,23,147,0.2425,0.4429,output/circles_output_pnid_v2\pnid_cropped_upscaled\crops\circle_54.png
55,325,434,23,87,0.2238,0.5051,output/circles_output_pnid_v2\pnid_cropped_upscaled\crops\circle_55.png
56,900,160,23,30,0.1342,0.3806,output/circles_output_pnid_v2\pnid_cropped_upscaled\crops\circle_56.png
57,932,771,23,95,0.2262,0.5051,output/circles_output_pnid_v2\pnid_cropped_upscaled\crops\circle_57.png
58,1051,855,24,148,0.3338,0.882,output/circles_output_pnid_v2\pnid_cropped_upscaled\crops\circle_58.png
59,513,208,24,73,0.252,0.7626,output/circles_output_pnid_v2\pnid_cropped_upscaled\crops\circle_59.png
60,1005,821,24,73,0.2083,0.6499,output/circles_output_pnid_v2\pnid_cropped_upscaled\crops\circle_60.png
61,310,309,24,219,0.3305,0.6631,output/circles_output_pnid_v2\pnid_cropped_upscaled\crops\circle_61.png
62,1332,1070,24,49,0.1774,0.7029,output/circles_output_pnid_v2\pnid_cropped_upscaled\crops\circle_62.png
63,541,208,24,72,0.2266,0.557,output/circles_output_pnid_v2\pnid_cropped_upscaled\crops\circle_63.png
64,167,185,24,79,0.1929,0.431,output/circles_output_pnid_v2\pnid_cropped_upscaled\crops\circle_64.png
65,461,323,25,247,0.3667,0.8531,output/circles_output_pnid_v2\pnid_cropped_upscaled\crops\circle_65.png
66,726,76,25,428,0.5215,0.8976,output/circles_output_pnid_v2\pnid_cropped_upscaled\crops\circle_66.png
67,1260,992,25,157,0.3107,0.7003,output/circles_output_pnid_v2\pnid_cropped_upscaled\crops\circle_67.png
68,467,401,25,27,0.1946,0.7703,output/circles_output_pnid_v2\pnid_cropped_upscaled\crops\circle_68.png
69,589,288,25,430,0.5424,0.7003,output/circles_output_pnid_v2\pnid_cropped_upscaled\crops\circle_69.png
70,1245,1069,25,233,0.3774,0.8149,output/circles_output_pnid_v2\pnid_cropped_upscaled\crops\circle_70.png
71,660,248,25,26,0.1543,0.5793,output/circles_output_pnid_v2\pnid_cropped_upscaled\crops\circle_71.png
72,616,286,25,135,0.2236,0.5411,output/circles_output_pnid_v2\pnid_cropped_upscaled\crops\circle_72.png
73,660,396,25,22,0.112,0.4902,output/circles_output_pnid_v2\pnid_cropped_upscaled\crops\circle_73.png
74,578,772,26,43,0.1187,0.3856,output/circles_output_pnid_v2\pnid_cropped_upscaled\crops\circle_74.png
75,1207,557,27,359,0.4292,0.8901,output/circles_output_pnid_v2\pnid_cropped_upscaled\crops\circle_75.png
76,892,856,27,80,0.2305,0.8488,output/circles_output_pnid_v2\pnid_cropped_upscaled\crops\circle_76.png
77,580,602,27,233,0.3131,0.5423,output/circles_output_pnid_v2\pnid_cropped_upscaled\crops\circle_77.png
78,526,513,27,75,0.1786,0.4716,output/circles_output_pnid_v2\pnid_cropped_upscaled\crops\circle_78.png
79,421,240,28,247,0.3126,0.7503,output/circles_output_pnid_v2\pnid_cropped_upscaled\crops\circle_79.png
80,953,234,28,237,0.255,0.5173,output/circles_output_pnid_v2\pnid_cropped_upscaled\crops\circle_80.png
81,719,44,28,360,0.3975,0.5684,output/circles_output_pnid_v2\pnid_cropped_upscaled\crops\circle_81.png
82,438,513,28,20,0.0727,0.3354,output/circles_output_pnid_v2\pnid_cropped_upscaled\crops\circle_82.png
83,420,106,28,84,0.1117,0.2899,output/circles_output_pnid_v2\pnid_cropped_upscaled\crops\circle_83.png
84,737,114,29,118,0.2218,0.697,output/circles_output_pnid_v2\pnid_cropped_upscaled\crops\circle_84.png
85,1162,852,29,262,0.2816,0.6147,output/circles_output_pnid_v2\pnid_cropped_upscaled\crops\circle_85.png
86,614,596,29,177,0.2343,0.4336,output/circles_output_pnid_v2\pnid_cropped_upscaled\crops\circle_86.png
87,1272,559,29,28,0.1181,0.5269,output/circles_output_pnid_v2\pnid_cropped_upscaled\crops\circle_87.png
88,559,329,29,112,0.1427,0.472,output/circles_output_pnid_v2\pnid_cropped_upscaled\crops\circle_88.png
89,955,881,29,143,0.1847,0.4555,output/circles_output_pnid_v2\pnid_cropped_upscaled\crops\circle_89.png
90,392,323,29,48,0.1272,0.3458,output/circles_output_pnid_v2\pnid_cropped_upscaled\crops\circle_90.png
91,815,367,30,410,0.3968,1.0716,output/circles_output_pnid_v2\pnid_cropped_upscaled\crops\circle_91.png
92,474,235,30,222,0.29,0.748,output/circles_output_pnid_v2\pnid_cropped_upscaled\crops\circle_92.png
93,1028,864,30,191,0.2546,0.748,output/circles_output_pnid_v2\pnid_cropped_upscaled\crops\circle_93.png
94,695,663,30,386,0.3887,0.5889,output/circles_output_pnid_v2\pnid_cropped_upscaled\crops\circle_94.png
95,677,152,30,161,0.214,0.6897,output/circles_output_pnid_v2\pnid_cropped_upscaled\crops\circle_95.png
96,615,564,30,253,0.2458,0.5146,output/circles_output_pnid_v2\pnid_cropped_upscaled\crops\circle_96.png
97,369,440,30,205,0.267,0.5677,output/circles_output_pnid_v2\pnid_cropped_upscaled\crops\circle_97.png
98,1179,831,30,158,0.2203,0.4881,output/circles_output_pnid_v2\pnid_cropped_upscaled\crops\circle_98.png
99,1218,871,30,18,0.1185,0.4191,output/circles_output_pnid_v2\pnid_cropped_upscaled\crops\circle_99.png
100,1182,1008,30,62,0.1008,0.3979,output/circles_output_pnid_v2\pnid_cropped_upscaled\crops\circle_100.png
101,638,731,30,39,0.0736,0.3661,output/circles_output_pnid_v2\pnid_cropped_upscaled\crops\circle_101.png
102,863,350,32,307,0.2692,0.8206,output/circles_output_pnid_v2\pnid_cropped_upscaled\crops\circle_102.png
103,673,628,32,436,0.3503,0.6167,output/circles_output_pnid_v2\pnid_cropped_upscaled\crops\circle_103.png
104,1231,413,32,278,0.3205,0.567,output/circles_output_pnid_v2\pnid_cropped_upscaled\crops\circle_104.png
105,915,263,32,158,0.1234,0.4476,output/circles_output_pnid_v2\pnid_cropped_upscaled\crops\circle_105.png
106,674,821,32,113,0.1172,0.3432,output/circles_output_pnid_v2\pnid_cropped_upscaled\crops\circle_106.png
107,605,68,32,49,0.1306,0.3332,output/circles_output_pnid_v2\pnid_cropped_upscaled\crops\circle_107.png
108,674,67,33,361,0.43,0.791,output/circles_output_pnid_v2\pnid_cropped_upscaled\crops\circle_108.png
109,1160,898,33,699,0.5112,0.8344,output/circles_output_pnid_v2\pnid_cropped_upscaled\crops\circle_109.png
110,693,612,33,117,0.261,0.709,output/circles_output_pnid_v2\pnid_cropped_upscaled\crops\circle_110.png
111,900,903,33,154,0.2686,0.6848,output/circles_output_pnid_v2\pnid_cropped_upscaled\crops\circle_111.png
112,1053,1016,33,120,0.1406,0.6173,output/circles_output_pnid_v2\pnid_cropped_upscaled\crops\circle_112.png
113,936,913,33,212,0.2683,0.6559,output/circles_output_pnid_v2\pnid_cropped_upscaled\crops\circle_113.png
114,1134,898,33,495,0.3987,0.6993,output/circles_output_pnid_v2\pnid_cropped_upscaled\crops\circle_114.png
115,990,231,33,175,0.157,0.5884,output/circles_output_pnid_v2\pnid_cropped_upscaled\crops\circle_115.png
116,973,494,33,125,0.1879,0.6704,output/circles_output_pnid_v2\pnid_cropped_upscaled\crops\circle_116.png
117,562,438,33,31,0.0699,0.4534,output/circles_output_pnid_v2\pnid_cropped_upscaled\crops\circle_117.png
118,1176,628,33,52,0.0868,0.3424,output/circles_output_pnid_v2\pnid_cropped_upscaled\crops\circle_118.png
119,982,1056,33,136,0.138,0.3472,output/circles_output_pnid_v2\pnid_cropped_upscaled\crops\circle_119.png
120,709,109,34,450,0.3134,0.7583,output/circles_output_pnid_v2\pnid_cropped_upscaled\crops\circle_120.png
121,985,259,34,47,0.1721,0.7443,output/circles_output_pnid_v2\pnid_cropped_upscaled\crops\circle_121.png
122,871,462,34,343,0.2632,0.6834,output/circles_output_pnid_v2\pnid_cropped_upscaled\crops\circle_122.png
123,352,458,34,289,0.1707,0.3838,output/circles_output_pnid_v2\pnid_cropped_upscaled\crops\circle_123.png
124,1308,436,34,36,0.1473,0.4494,output/circles_output_pnid_v2\pnid_cropped_upscaled\crops\circle_124.png
125,354,108,34,73,0.1079,0.3838,output/circles_output_pnid_v2\pnid_cropped_upscaled\crops\circle_125.png
126,281,310,34,208,0.1644,0.337,output/circles_output_pnid_v2\pnid_cropped_upscaled\crops\circle_126.png
127,1243,384,34,72,0.1071,0.2809,output/circles_output_pnid_v2\pnid_cropped_upscaled\crops\circle_127.png
128,855,435,35,416,0.3409,0.7276,output/circles_output_pnid_v2\pnid_cropped_upscaled\crops\circle_128.png
129,870,375,35,428,0.3025,0.673,output/circles_output_pnid_v2\pnid_cropped_upscaled\crops\circle_129.png
130,1061,778,35,229,0.243,0.7185,output/circles_output_pnid_v2\pnid_cropped_upscaled\crops\circle_130.png
131,492,157,35,39,0.1032,0.4957,output/circles_output_pnid_v2\pnid_cropped_upscaled\crops\circle_131.png
132,654,459,35,30,0.0876,0.5275,output/circles_output_pnid_v2\pnid_cropped_upscaled\crops\circle_132.png
133,867,679,35,103,0.1718,0.3638,output/circles_output_pnid_v2\pnid_cropped_upscaled\crops\circle_133.png
134,1157,467,35,142,0.1411,0.3638,output/circles_output_pnid_v2\pnid_cropped_upscaled\crops\circle_134.png
135,944,729,35,145,0.1434,0.3001,output/circles_output_pnid_v2\pnid_cropped_upscaled\crops\circle_135.png
136,1111,568,37,33,0.2107,0.6366,output/circles_output_pnid_v2\pnid_cropped_upscaled\crops\circle_136.png
137,921,212,37,127,0.0909,0.4431,output/circles_output_pnid_v2\pnid_cropped_upscaled\crops\circle_137.png
138,1393,937,37,204,0.1574,0.3785,output/circles_output_pnid_v2\pnid_cropped_upscaled\crops\circle_138.png
139,921,411,37,142,0.1118,0.5162,output/circles_output_pnid_v2\pnid_cropped_upscaled\crops\circle_139.png
140,1516,946,37,288,0.1818,0.4301,output/circles_output_pnid_v2\pnid_cropped_upscaled\crops\circle_140.png
141,588,835,37,326,0.1697,0.3914,output/circles_output_pnid_v2\pnid_cropped_upscaled\crops\circle_141.png
142,1649,1011,37,162,0.1688,0.4301,output/circles_output_pnid_v2\pnid_cropped_upscaled\crops\circle_142.png
143,1172,387,37,150,0.1523,0.271,output/circles_output_pnid_v2\pnid_cropped_upscaled\crops\circle_143.png
144,513,835,37,64,0.0939,0.4172,output/circles_output_pnid_v2\pnid_cropped_upscaled\crops\circle_144.png
145,1690,950,37,19,0.0716,0.2925,output/circles_output_pnid_v2\pnid_cropped_upscaled\crops\circle_145.png
146,1223,577,38,842,0.4484,0.8209,output/circles_output_pnid_v2\pnid_cropped_upscaled\crops\circle_146.png
147,845,388,38,479,0.315,0.9298,output/circles_output_pnid_v2\pnid_cropped_upscaled\crops\circle_147.png
148,925,968,38,541,0.3467,0.6701,output/circles_output_pnid_v2\pnid_cropped_upscaled\crops\circle_148.png
149,869,542,38,127,0.2092,0.6785,output/circles_output_pnid_v2\pnid_cropped_upscaled\crops\circle_149.png
150,471,260,38,422,0.2308,0.5068,output/circles_output_pnid_v2\pnid_cropped_upscaled\crops\circle_150.png
151,426,280,38,156,0.1852,0.5403,output/circles_output_pnid_v2\pnid_cropped_upscaled\crops\circle_151.png
152,1128,996,38,80,0.1065,0.49,output/circles_output_pnid_v2\pnid_cropped_upscaled\crops\circle_152.png
153,1059,714,38,106,0.1115,0.5445,output/circles_output_pnid_v2\pnid_cropped_upscaled\crops\circle_153.png
154,1267,392,38,267,0.2204,0.4105,output/circles_output_pnid_v2\pnid_cropped_upscaled\crops\circle_154.png
155,1286,1118,38,180,0.1413,0.4858,output/circles_output_pnid_v2\pnid_cropped_upscaled\crops\circle_155.png
156,82,208,38,256,0.2002,0.4021,output/circles_output_pnid_v2\pnid_cropped_upscaled\crops\circle_156.png
157,257,168,38,224,0.1239,0.3141,output/circles_output_pnid_v2\pnid_cropped_upscaled\crops\circle_157.png
158,737,462,38,119,0.1391,0.3309,output/circles_output_pnid_v2\pnid_cropped_upscaled\crops\circle_158.png
159,1042,1074,38,149,0.1051,0.3853,output/circles_output_pnid_v2\pnid_cropped_upscaled\crops\circle_159.png
160,127,459,38,51,0.1087,0.2974,output/circles_output_pnid_v2\pnid_cropped_upscaled\crops\circle_160.png
161,1059,660,38,106,0.11,0.4063,output/circles_output_pnid_v2\pnid_cropped_upscaled\crops\circle_161.png
162,47,260,38,106,0.1027,0.2597,output/circles_output_pnid_v2\pnid_cropped_upscaled\crops\circle_162.png
163,1120,1019,38,36,0.0608,0.2681,output/circles_output_pnid_v2\pnid_cropped_upscaled\crops\circle_163.png
164,58,203,38,33,0.0977,0.2806,output/circles_output_pnid_v2\pnid_cropped_upscaled\crops\circle_164.png
165,812,640,39,404,0.3083,0.5591,output/circles_output_pnid_v2\pnid_cropped_upscaled\crops\circle_165.png
166,1032,777,39,204,0.1505,0.502,output/circles_output_pnid_v2\pnid_cropped_upscaled\crops\circle_166.png
167,108,789,39,295,0.19,0.4285,output/circles_output_pnid_v2\pnid_cropped_upscaled\crops\circle_167.png
168,706,200,39,58,0.1086,0.3877,output/circles_output_pnid_v2\pnid_cropped_upscaled\crops\circle_168.png
169,1108,948,40,703,0.3416,0.7202,output/circles_output_pnid_v2\pnid_cropped_upscaled\crops\circle_169.png
170,769,403,40,361,0.2439,0.7321,output/circles_output_pnid_v2\pnid_cropped_upscaled\crops\circle_170.png
171,1269,965,40,551,0.271,0.6645,output/circles_output_pnid_v2\pnid_cropped_upscaled\crops\circle_171.png
172,877,486,40,247,0.2326,0.6963,output/circles_output_pnid_v2\pnid_cropped_upscaled\crops\circle_172.png
173,1295,571,40,24,0.0812,0.6287,output/circles_output_pnid_v2\pnid_cropped_upscaled\crops\circle_173.png
174,924,237,40,203,0.1554,0.4934,output/circles_output_pnid_v2\pnid_cropped_upscaled\crops\circle_174.png
175,998,732,40,66,0.1146,0.4417,output/circles_output_pnid_v2\pnid_cropped_upscaled\crops\circle_175.png
176,756,259,40,144,0.1432,0.4735,output/circles_output_pnid_v2\pnid_cropped_upscaled\crops\circle_176.png
177,271,205,40,325,0.2031,0.4655,output/circles_output_pnid_v2\pnid_cropped_upscaled\crops\circle_177.png
178,1438,942,40,157,0.1206,0.3501,output/circles_output_pnid_v2\pnid_cropped_upscaled\crops\circle_178.png
179,670,525,40,199,0.1367,0.4138,output/circles_output_pnid_v2\pnid_cropped_upscaled\crops\circle_179.png
180,809,568,40,128,0.1196,0.3143,output/circles_output_pnid_v2\pnid_cropped_upscaled\crops\circle_180.png
181,973,398,40,193,0.1011,0.3541,output/circles_output_pnid_v2\pnid_cropped_upscaled\crops\circle_181.png
182,1636,957,40,111,0.1267,0.3661,output/circles_output_pnid_v2\pnid_cropped_upscaled\crops\circle_182.png
183,916,329,42,425,0.2348,0.6139,output/circles_output_pnid_v2\pnid_cropped_upscaled\crops\circle_183.png
184,1249,1045,42,478,0.2801,0.6631,output/circles_output_pnid_v2\pnid_cropped_upscaled\crops\circle_184.png
185,329,260,42,208,0.188,0.557,output/circles_output_pnid_v2\pnid_cropped_upscaled\crops\circle_185.png
186,1347,937,42,136,0.1319,0.4699,output/circles_output_pnid_v2\pnid_cropped_upscaled\crops\circle_186.png
187,80,791,42,311,0.1927,0.3448,output/circles_output_pnid_v2\pnid_cropped_upscaled\crops\circle_187.png
188,740,660,42,205,0.1563,0.4737,output/circles_output_pnid_v2\pnid_cropped_upscaled\crops\circle_188.png
189,1208,398,42,387,0.212,0.4396,output/circles_output_pnid_v2\pnid_cropped_upscaled\crops\circle_189.png
190,990,203,42,124,0.12,0.413,output/circles_output_pnid_v2\pnid_cropped_upscaled\crops\circle_190.png
191,1352,509,42,276,0.1608,0.4434,output/circles_output_pnid_v2\pnid_cropped_upscaled\crops\circle_191.png
192,99,258,42,288,0.1927,0.4282,output/circles_output_pnid_v2\pnid_cropped_upscaled\crops\circle_192.png
193,346,323,42,158,0.0799,0.2918,output/circles_output_pnid_v2\pnid_cropped_upscaled\crops\circle_193.png
194,527,650,42,62,0.0955,0.3221,output/circles_output_pnid_v2\pnid_cropped_upscaled\crops\circle_194.png
195,1042,579,42,90,0.0724,0.1933,output/circles_output_pnid_v2\pnid_cropped_upscaled\crops\circle_195.png
196,982,714,42,85,0.0711,0.2463,output/circles_output_pnid_v2\pnid_cropped_upscaled\crops\circle_196.png
197,1367,651,42,35,0.087,0.2994,output/circles_output_pnid_v2\pnid_cropped_upscaled\crops\circle_197.png
198,980,433,43,133,0.1398,0.6736,output/circles_output_pnid_v2\pnid_cropped_upscaled\crops\circle_198.png
199,716,386,43,200,0.1739,0.5885,output/circles_output_pnid_v2\pnid_cropped_upscaled\crops\circle_199.png
200,809,687,43,495,0.3095,0.5367,output/circles_output_pnid_v2\pnid_cropped_upscaled\crops\circle_200.png
201,611,99,43,220,0.1587,0.5367,output/circles_output_pnid_v2\pnid_cropped_upscaled\crops\circle_201.png
202,1228,927,43,163,0.1802,0.5478,output/circles_output_pnid_v2\pnid_cropped_upscaled\crops\circle_202.png
203,760,99,43,168,0.1398,0.5663,output/circles_output_pnid_v2\pnid_cropped_upscaled\crops\circle_203.png
204,573,269,43,511,0.2188,0.5071,output/circles_output_pnid_v2\pnid_cropped_upscaled\crops\circle_204.png
205,996,484,43,246,0.1816,0.6144,output/circles_output_pnid_v2\pnid_cropped_upscaled\crops\circle_205.png
206,881,729,43,91,0.1654,0.4256,output/circles_output_pnid_v2\pnid_cropped_upscaled\crops\circle_206.png
207,919,303,43,229,0.1789,0.5071,output/circles_output_pnid_v2\pnid_cropped_upscaled\crops\circle_207.png
208,694,319,43,280,0.1661,0.4886,output/circles_output_pnid_v2\pnid_cropped_upscaled\crops\circle_208.png
209,918,729,43,28,0.1109,0.4219,output/circles_output_pnid_v2\pnid_cropped_upscaled\crops\circle_209.png
210,1197,1047,43,134,0.1222,0.4775,output/circles_output_pnid_v2\pnid_cropped_upscaled\crops\circle_210.png
211,996,411,43,112,0.141,0.4479,output/circles_output_pnid_v2\pnid_cropped_upscaled\crops\circle_211.png
212,1231,522,43,158,0.13,0.3923,output/circles_output_pnid_v2\pnid_cropped_upscaled\crops\circle_212.png
213,369,361,43,84,0.0971,0.4034,output/circles_output_pnid_v2\pnid_cropped_upscaled\crops\circle_213.png
214,1243,458,43,526,0.2605,0.4256,output/circles_output_pnid_v2\pnid_cropped_upscaled\crops\circle_214.png
215,1673,1014,43,182,0.1434,0.359,output/circles_output_pnid_v2\pnid_cropped_upscaled\crops\circle_215.png
216,214,255,43,199,0.1362,0.3516,output/circles_output_pnid_v2\pnid_cropped_upscaled\crops\circle_216.png
217,1224,476,43,47,0.1264,0.3664,output/circles_output_pnid_v2\pnid_cropped_upscaled\crops\circle_217.png
218,720,361,43,142,0.1017,0.4405,output/circles_output_pnid_v2\pnid_cropped_upscaled\crops\circle_218.png
219,873,706,43,84,0.137,0.4479,output/circles_output_pnid_v2\pnid_cropped_upscaled\crops\circle_219.png
220,1149,402,43,272,0.1506,0.3664,output/circles_output_pnid_v2\pnid_cropped_upscaled\crops\circle_220.png
221,1393,493,43,248,0.1191,0.3331,output/circles_output_pnid_v2\pnid_cropped_upscaled\crops\circle_221.png
222,873,647,43,84,0.1369,0.3294,output/circles_output_pnid_v2\pnid_cropped_upscaled\crops\circle_222.png
223,118,395,43,148,0.1379,0.3072,output/circles_output_pnid_v2\pnid_cropped_upscaled\crops\circle_223.png
224,75,269,43,27,0.1074,0.322,output/circles_output_pnid_v2\pnid_cropped_upscaled\crops\circle_224.png
225,960,264,44,265,0.0766,0.9296,output/circles_output_pnid_v2\pnid_cropped_upscaled\crops\circle_225.png
226,683,98,44,563,0.3714,0.9007,output/circles_output_pnid_v2\pnid_cropped_upscaled\crops\circle_226.png
227,1036,801,44,104,0.1618,0.85,output/circles_output_pnid_v2\pnid_cropped_upscaled\crops\circle_227.png
228,780,381,44,196,0.2044,0.7741,output/circles_output_pnid_v2\pnid_cropped_upscaled\crops\circle_228.png
229,779,336,44,195,0.1652,0.7415,output/circles_output_pnid_v2\pnid_cropped_upscaled\crops\circle_229.png
230,842,364,44,538,0.3024,0.6656,output/circles_output_pnid_v2\pnid_cropped_upscaled\crops\circle_230.png
231,853,321,44,261,0.242,0.7126,output/circles_output_pnid_v2\pnid_cropped_upscaled\crops\circle_231.png
232,802,617,44,140,0.1879,0.5498,output/circles_output_pnid_v2\pnid_cropped_upscaled\crops\circle_232.png
233,917,387,44,102,0.1504,0.6945,output/circles_output_pnid_v2\pnid_cropped_upscaled\crops\circle_233.png
234,895,373,44,411,0.2266,0.7126,output/circles_output_pnid_v2\pnid_cropped_upscaled\crops\circle_234.png
235,628,259,44,80,0.1573,0.6149,output/circles_output_pnid_v2\pnid_cropped_upscaled\crops\circle_235.png
236,716,622,44,332,0.1552,0.6873,output/circles_output_pnid_v2\pnid_cropped_upscaled\crops\circle_236.png
237,1176,933,44,291,0.2493,0.6981,output/circles_output_pnid_v2\pnid_cropped_upscaled\crops\circle_237.png
238,450,282,44,384,0.2641,0.5896,output/circles_output_pnid_v2\pnid_cropped_upscaled\crops\circle_238.png
239,1131,839,44,205,0.2374,0.6511,output/circles_output_pnid_v2\pnid_cropped_upscaled\crops\circle_239.png
240,1281,1051,44,481,0.2673,0.7017,output/circles_output_pnid_v2\pnid_cropped_upscaled\crops\circle_240.png
241,467,179,44,493,0.171,0.5824,output/circles_output_pnid_v2\pnid_cropped_upscaled\crops\circle_241.png
242,384,381,44,179,0.1605,0.7524,output/circles_output_pnid_v2\pnid_cropped_upscaled\crops\circle_242.png
243,616,179,44,262,0.1503,0.5715,output/circles_output_pnid_v2\pnid_cropped_upscaled\crops\circle_243.png
244,832,342,44,469,0.2218,0.6439,output/circles_output_pnid_v2\pnid_cropped_upscaled\crops\circle_244.png
245,846,470,44,473,0.1892,0.6004,output/circles_output_pnid_v2\pnid_cropped_upscaled\crops\circle_245.png
246,917,487,44,329,0.1985,0.5787,output/circles_output_pnid_v2\pnid_cropped_upscaled\crops\circle_246.png
247,944,858,44,157,0.1537,0.6439,output/circles_output_pnid_v2\pnid_cropped_upscaled\crops\circle_247.png
248,1007,792,44,242,0.1733,0.6764,output/circles_output_pnid_v2\pnid_cropped_upscaled\crops\circle_248.png
249,500,266,44,175,0.1666,0.6439,output/circles_output_pnid_v2\pnid_cropped_upscaled\crops\circle_249.png
250,683,179,44,232,0.1388,0.6185,output/circles_output_pnid_v2\pnid_cropped_upscaled\crops\circle_250.png
251,868,907,44,280,0.1718,0.5245,output/circles_output_pnid_v2\pnid_cropped_upscaled\crops\circle_251.png
252,1028,1019,44,713,0.2874,0.6149,output/circles_output_pnid_v2\pnid_cropped_upscaled\crops\circle_252.png
253,1105,845,44,179,0.1725,0.6619,output/circles_output_pnid_v2\pnid_cropped_upscaled\crops\circle_253.png
254,1203,927,44,105,0.1781,0.6294,output/circles_output_pnid_v2\pnid_cropped_upscaled\crops\circle_254.png
255,956,776,44,427,0.2377,0.6004,output/circles_output_pnid_v2\pnid_cropped_upscaled\crops\circle_255.png
256,717,311,44,209,0.1708,0.5896,output/circles_output_pnid_v2\pnid_cropped_upscaled\crops\circle_256.png
257,1001,858,44,234,0.186,0.6619,output/circles_output_pnid_v2\pnid_cropped_upscaled\crops\circle_257.png
258,783,309,44,346,0.2215,0.5824,output/circles_output_pnid_v2\pnid_cropped_upscaled\crops\circle_258.png
259,921,798,44,364,0.1894,0.6402,output/circles_output_pnid_v2\pnid_cropped_upscaled\crops\circle_259.png
260,581,457,44,201,0.1634,0.6258,output/circles_output_pnid_v2\pnid_cropped_upscaled\crops\circle_260.png
261,1223,1052,44,342,0.233,0.6728,output/circles_output_pnid_v2\pnid_cropped_upscaled\crops\circle_261.png
262,932,280,44,218,0.1041,0.4377,output/circles_output_pnid_v2\pnid_cropped_upscaled\crops\circle_262.png
263,1330,580,44,424,0.2075,0.5679,output/circles_output_pnid_v2\pnid_cropped_upscaled\crops\circle_263.png
264,440,174,44,162,0.1702,0.5824,output/circles_output_pnid_v2\pnid_cropped_upscaled\crops\circle_264.png
265,703,697,44,94,0.1774,0.6149,output/circles_output_pnid_v2\pnid_cropped_upscaled\crops\circle_265.png
266,1124,869,44,344,0.1879,0.6294,output/circles_output_pnid_v2\pnid_cropped_upscaled\crops\circle_266.png
267,1253,576,44,565,0.256,0.7053,output/circles_output_pnid_v2\pnid_cropped_upscaled\crops\circle_267.png
268,712,338,44,124,0.1202,0.539,output/circles_output_pnid_v2\pnid_cropped_upscaled\crops\circle_268.png
269,829,313,44,390,0.2394,0.6475,output/circles_output_pnid_v2\pnid_cropped_upscaled\crops\circle_269.png
270,869,275,44,162,0.1613,0.6041,output/circles_output_pnid_v2\pnid_cropped_upscaled\crops\circle_270.png
271,881,886,44,395,0.1754,0.586,output/circles_output_pnid_v2\pnid_cropped_upscaled\crops\circle_271.png
272,1153,953,44,573,0.2672,0.4811,output/circles_output_pnid_v2\pnid_cropped_upscaled\crops\circle_272.png
273,1304,1019,44,65,0.1246,0.6475,output/circles_output_pnid_v2\pnid_cropped_upscaled\crops\circle_273.png
274,576,527,44,257,0.2226,0.5679,output/circles_output_pnid_v2\pnid_cropped_upscaled\crops\circle_274.png
275,697,294,44,461,0.1904,0.557,output/circles_output_pnid_v2\pnid_cropped_upscaled\crops\circle_275.png
276,972,864,44,71,0.1641,0.5932,output/circles_output_pnid_v2\pnid_cropped_upscaled\crops\circle_276.png
277,1005,436,44,333,0.2012,0.6185,output/circles_output_pnid_v2\pnid_cropped_upscaled\crops\circle_277.png
278,1055,478,44,206,0.1588,0.5715,output/circles_output_pnid_v2\pnid_cropped_upscaled\crops\circle_278.png
279,542,457,44,234,0.1764,0.6149,output/circles_output_pnid_v2\pnid_cropped_upscaled\crops\circle_279.png
280,1056,557,44,142,0.1917,0.5353,output/circles_output_pnid_v2\pnid_cropped_upscaled\crops\circle_280.png
281,1189,961,44,319,0.1406,0.5426,output/circles_output_pnid_v2\pnid_cropped_upscaled\crops\circle_281.png
282,1350,1051,44,71,0.0954,0.6366,output/circles_output_pnid_v2\pnid_cropped_upscaled\crops\circle_282.png
283,655,274,44,436,0.1684,0.4883,output/circles_output_pnid_v2\pnid_cropped_upscaled\crops\circle_283.png
284,741,620,44,59,0.0898,0.5245,output/circles_output_pnid_v2\pnid_cropped_upscaled\crops\circle_284.png
285,803,331,44,366,0.1899,0.5281,output/circles_output_pnid_v2\pnid_cropped_upscaled\crops\circle_285.png
286,982,346,44,119,0.1029,0.5426,output/circles_output_pnid_v2\pnid_cropped_upscaled\crops\circle_286.png
287,720,277,44,198,0.1434,0.5426,output/circles_output_pnid_v2\pnid_cropped_upscaled\crops\circle_287.png
288,849,885,44,100,0.1218,0.5064,output/circles_output_pnid_v2\pnid_cropped_upscaled\crops\circle_288.png
289,930,879,44,475,0.1848,0.5173,output/circles_output_pnid_v2\pnid_cropped_upscaled\crops\circle_289.png
290,982,373,44,119,0.0889,0.4956,output/circles_output_pnid_v2\pnid_cropped_upscaled\crops\circle_290.png
291,1111,915,44,613,0.2941,0.5281,output/circles_output_pnid_v2\pnid_cropped_upscaled\crops\circle_291.png
292,1194,852,44,124,0.1692,0.5028,output/circles_output_pnid_v2\pnid_cropped_upscaled\crops\circle_292.png
293,697,369,44,113,0.0751,0.5534,output/circles_output_pnid_v2\pnid_cropped_upscaled\crops\circle_293.png
294,952,1008,44,49,0.1697,0.5679,output/circles_output_pnid_v2\pnid_cropped_upscaled\crops\circle_294.png
295,982,285,44,240,0.1337,0.51,output/circles_output_pnid_v2\pnid_cropped_upscaled\crops\circle_295.png
296,479,283,44,515,0.2004,0.4341,output/circles_output_pnid_v2\pnid_cropped_upscaled\crops\circle_296.png
297,829,492,44,20,0.1483,0.4956,output/circles_output_pnid_v2\pnid_cropped_upscaled\crops\circle_297.png
298,404,179,44,188,0.1656,0.4413,output/circles_output_pnid_v2\pnid_cropped_upscaled\crops\circle_298.png
299,568,300,44,475,0.2749,0.5643,output/circles_output_pnid_v2\pnid_cropped_upscaled\crops\circle_299.png
300,712,456,44,190,0.1493,0.6258,output/circles_output_pnid_v2\pnid_cropped_upscaled\crops\circle_300.png
301,1159,579,44,152,0.159,0.5715,output/circles_output_pnid_v2\pnid_cropped_upscaled\crops\circle_301.png
302,1421,574,44,104,0.1421,0.5715,output/circles_output_pnid_v2\pnid_cropped_upscaled\crops\circle_302.png
303,766,620,44,97,0.1039,0.5498,output/circles_output_pnid_v2\pnid_cropped_upscaled\crops\circle_303.png
304,893,534,44,178,0.0996,0.4775,output/circles_output_pnid_v2\pnid_cropped_upscaled\crops\circle_304.png
305,642,532,44,189,0.1231,0.4702,output/circles_output_pnid_v2\pnid_cropped_upscaled\crops\circle_305.png
306,812,755,44,37,0.1246,0.3943,output/circles_output_pnid_v2\pnid_cropped_upscaled\crops\circle_306.png
307,319,384,44,105,0.0929,0.4883,output/circles_output_pnid_v2\pnid_cropped_upscaled\crops\circle_307.png
308,1028,1051,44,385,0.1909,0.5715,output/circles_output_pnid_v2\pnid_cropped_upscaled\crops\circle_308.png
309,1136,773,44,209,0.1442,0.5245,output/circles_output_pnid_v2\pnid_cropped_upscaled\crops\circle_309.png
310,196,203,44,355,0.1981,0.463,output/circles_output_pnid_v2\pnid_cropped_upscaled\crops\circle_310.png
311,359,384,44,274,0.1485,0.5245,output/circles_output_pnid_v2\pnid_cropped_upscaled\crops\circle_311.png
312,599,620,44,23,0.1333,0.5932,output/circles_output_pnid_v2\pnid_cropped_upscaled\crops\circle_312.png
313,293,263,44,616,0.2731,0.4992,output/circles_output_pnid_v2\pnid_cropped_upscaled\crops\circle_313.png
314,1316,556,44,144,0.1281,0.4919,output/circles_output_pnid_v2\pnid_cropped_upscaled\crops\circle_314.png
315,543,533,44,287,0.2137,0.5245,output/circles_output_pnid_v2\pnid_cropped_upscaled\crops\circle_315.png
316,595,789,44,212,0.1904,0.4883,output/circles_output_pnid_v2\pnid_cropped_upscaled\crops\circle_316.png
317,812,593,44,171,0.1422,0.4377,output/circles_output_pnid_v2\pnid_cropped_upscaled\crops\circle_317.png
318,1100,869,44,41,0.1305,0.5245,output/circles_output_pnid_v2\pnid_cropped_upscaled\crops\circle_318.png
319,986,931,44,27,0.1154,0.4558,output/circles_output_pnid_v2\pnid_cropped_upscaled\crops\circle_319.png
320,1151,556,44,146,0.1139,0.4992,output/circles_output_pnid_v2\pnid_cropped_upscaled\crops\circle_320.png
321,273,280,44,290,0.2129,0.4919,output/circles_output_pnid_v2\pnid_cropped_upscaled\crops\circle_321.png
322,531,785,44,230,0.167,0.4196,output/circles_output_pnid_v2\pnid_cropped_upscaled\crops\circle_322.png
323,936,990,44,530,0.2496,0.4666,output/circles_output_pnid_v2\pnid_cropped_upscaled\crops\circle_323.png
324,988,456,44,256,0.1883,0.4956,output/circles_output_pnid_v2\pnid_cropped_upscaled\crops\circle_324.png
325,1057,907,44,48,0.1085,0.4594,output/circles_output_pnid_v2\pnid_cropped_upscaled\crops\circle_325.png
326,653,711,44,213,0.1843,0.4087,output/circles_output_pnid_v2\pnid_cropped_upscaled\crops\circle_326.png
327,333,300,44,224,0.1874,0.4666,output/circles_output_pnid_v2\pnid_cropped_upscaled\crops\circle_327.png
328,775,459,44,169,0.1457,0.4377,output/circles_output_pnid_v2\pnid_cropped_upscaled\crops\circle_328.png
329,1064,455,44,262,0.1554,0.4015,output/circles_output_pnid_v2\pnid_cropped_upscaled\crops\circle_329.png
330,1070,932,44,186,0.1332,0.3907,output/circles_output_pnid_v2\pnid_cropped_upscaled\crops\circle_330.png
331,88,842,44,271,0.1721,0.4304,output/circles_output_pnid_v2\pnid_cropped_upscaled\crops\circle_331.png
332,640,304,44,216,0.1606,0.4738,output/circles_output_pnid_v2\pnid_cropped_upscaled\crops\circle_332.png
333,847,260,44,447,0.2177,0.4775,output/circles_output_pnid_v2\pnid_cropped_upscaled\crops\circle_333.png
334,1062,410,44,66,0.1352,0.3943,output/circles_output_pnid_v2\pnid_cropped_upscaled\crops\circle_334.png
335,1669,580,44,142,0.1419,0.3798,output/circles_output_pnid_v2\pnid_cropped_upscaled\crops\circle_335.png
336,522,246,44,116,0.0939,0.4051,output/circles_output_pnid_v2\pnid_cropped_upscaled\crops\circle_336.png
337,622,697,44,35,0.0959,0.3834,output/circles_output_pnid_v2\pnid_cropped_upscaled\crops\circle_337.png
338,812,536,44,48,0.1057,0.3364,output/circles_output_pnid_v2\pnid_cropped_upscaled\crops\circle_338.png
339,875,242,44,229,0.1133,0.4413,output/circles_output_pnid_v2\pnid_cropped_upscaled\crops\circle_339.png
340,881,563,44,112,0.1159,0.4087,output/circles_output_pnid_v2\pnid_cropped_upscaled\crops\circle_340.png
341,349,175,44,33,0.0715,0.3726,output/circles_output_pnid_v2\pnid_cropped_upscaled\crops\circle_341.png
342,142,191,44,261,0.1527,0.4051,output/circles_output_pnid_v2\pnid_cropped_upscaled\crops\circle_342.png
343,145,263,44,86,0.1286,0.369,output/circles_output_pnid_v2\pnid_cropped_upscaled\crops\circle_343.png
344,180,249,44,272,0.1562,0.4304,output/circles_output_pnid_v2\pnid_cropped_upscaled\crops\circle_344.png
345,1275,918,44,179,0.137,0.3581,output/circles_output_pnid_v2\pnid_cropped_upscaled\crops\circle_345.png
346,530,269,44,86,0.0842,0.51,output/circles_output_pnid_v2\pnid_cropped_upscaled\crops\circle_346.png
347,538,844,44,153,0.0986,0.3726,output/circles_output_pnid_v2\pnid_cropped_upscaled\crops\circle_347.png
348,548,246,44,116,0.1014,0.3979,output/circles_output_pnid_v2\pnid_cropped_upscaled\crops\circle_348.png
349,94,405,44,448,0.1953,0.387,output/circles_output_pnid_v2\pnid_cropped_upscaled\crops\circle_349.png
350,103,457,44,225,0.1677,0.369,output/circles_output_pnid_v2\pnid_cropped_upscaled\crops\circle_350.png
351,628,651,44,231,0.1488,0.34,output/circles_output_pnid_v2\pnid_cropped_upscaled\crops\circle_351.png
352,1051,637,44,37,0.0959,0.5064,output/circles_output_pnid_v2\pnid_cropped_upscaled\crops\circle_352.png
353,1672,518,44,166,0.1564,0.3907,output/circles_output_pnid_v2\pnid_cropped_upscaled\crops\circle_353.png
354,608,669,44,67,0.134,0.4196,output/circles_output_pnid_v2\pnid_cropped_upscaled\crops\circle_354.png
355,1045,263,44,151,0.0949,0.34,output/circles_output_pnid_v2\pnid_cropped_upscaled\crops\circle_355.png
356,1318,996,44,136,0.0658,0.3979,output/circles_output_pnid_v2\pnid_cropped_upscaled\crops\circle_356.png
357,620,844,44,36,0.0819,0.3292,output/circles_output_pnid_v2\pnid_cropped_upscaled\crops\circle_357.png
358,1603,574,44,63,0.0848,0.3726,output/circles_output_pnid_v2\pnid_cropped_upscaled\crops\circle_358.png
359,522,720,44,32,0.0781,0.3436,output/circles_output_pnid_v2\pnid_cropped_upscaled\crops\circle_359.png
360,1645,587,44,49,0.0967,0.2532,output/circles_output_pnid_v2\pnid_cropped_upscaled\crops\circle_360.png
361,155,459,44,65,0.0732,0.3292,output/circles_output_pnid_v2\pnid_cropped_upscaled\crops\circle_361.png
362,1617,1019,44,58,0.0738,0.293,output/circles_output_pnid_v2\pnid_cropped_upscaled\crops\circle_362.png
363,1051,683,44,37,0.0834,0.3762,output/circles_output_pnid_v2\pnid_cropped_upscaled\crops\circle_363.png
